cohort_year,total_investors,total_aum_contribution,avg_sip_amount
2024,4803,3491125187.0,107422.54183205638
2025,197,30455243.0,109158.5770609319
